[
    {
        "quality": 3,
        "fixed acidity": 11.6,
        "volatile acidity": 0.58,
        "citric acid": 0.66,
        "residual sugar": 2.2,
        "chlorides": 0.074,
        "free sulfur dioxide": 10.0,
        "total sulfur dioxide": 47.0,
        "density": 1.0008,
        "pH": 3.25,
        "sulphates": 0.57,
        "alcohol": 9.0
    },
    {
        "quality": 4,
        "fixed acidity": 7.4,
        "volatile acidity": 0.59,
        "citric acid": 0.08,
        "residual sugar": 4.4,
        "chlorides": 0.086,
        "free sulfur dioxide": 6.0,
        "total sulfur dioxide": 29.0,
        "density": 0.9974,
        "pH": 3.38,
        "sulphates": 0.5,
        "alcohol": 9.0
    },
    {
        "quality": 5,
        "fixed acidity": 7.4,
        "volatile acidity": 0.7,
        "citric acid": 0.0,
        "residual sugar": 1.9,
        "chlorides": 0.076,
        "free sulfur dioxide": 11.0,
        "total sulfur dioxide": 34.0,
        "density": 0.9978,
        "pH": 3.51,
        "sulphates": 0.56,
        "alcohol": 9.4
    },
    {
        "quality": 6,
        "fixed acidity": 11.2,
        "volatile acidity": 0.28,
        "citric acid": 0.56,
        "residual sugar": 1.9,
        "chlorides": 0.075,
        "free sulfur dioxide": 17.0,
        "total sulfur dioxide": 60.0,
        "density": 0.998,
        "pH": 3.16,
        "sulphates": 0.58,
        "alcohol": 9.8
    },
    {
        "quality": 7,
        "fixed acidity": 7.3,
        "volatile acidity": 0.65,
        "citric acid": 0.0,
        "residual sugar": 1.2,
        "chlorides": 0.065,
        "free sulfur dioxide": 15.0,
        "total sulfur dioxide": 21.0,
        "density": 0.9946,
        "pH": 3.39,
        "sulphates": 0.47,
        "alcohol": 10.0
    },
    {
        "quality": 8,
        "fixed acidity": 7.9,
        "volatile acidity": 0.35,
        "citric acid": 0.46,
        "residual sugar": 3.6,
        "chlorides": 0.078,
        "free sulfur dioxide": 15.0,
        "total sulfur dioxide": 37.0,
        "density": 0.9973,
        "pH": 3.35,
        "sulphates": 0.86,
        "alcohol": 12.8
    }
]